{
  "dependencies": [
    {
      "name": "FlxPartialSound",
      "type": "git",
      "dir": null,
      "ref": "41f35ddb1eb9d10bc742e6f8b5bcc62f9ef8ad84",
      "url": "https://github.com/FunkinCrew/FlxPartialSound.git"
    },
    {
      "name": "flixel",
      "type": "git",
      "dir": null,
      "ref": "fffb1a74cf08f63dacc2ab09976340563f5b6e6d",
      "url": "https://github.com/FunkinCrew/flixel"
    },
    {
      "name": "flixel-addons",
      "type": "git",
      "dir": null,
      "ref": "b9118f47f43a66bc0e5fbfcfd9903f0425e918ee",
      "url": "https://github.com/FunkinCrew/flixel-addons"
    },
    {
      "name": "flixel-text-input",
      "type": "git",
      "dir": null,
      "ref": "951a0103a17bfa55eed86703ce50b4fb0d7590bc",
      "url": "https://github.com/FunkinCrew/flixel-text-input"
    },
    {
      "name": "flxanimate",
      "type": "git",
      "dir": null,
      "ref": "f8842cea9883d6112a2c854cf93fa72856171428",
      "url": "https://github.com/FunkinCrew/flxanimate"
    },
    {
      "name": "format",
      "type": "haxelib",
      "version": "3.5.0"
    },
    {
      "name": "funkin.vis",
      "type": "git",
      "dir": null,
      "ref": "1966f8fbbbc509ed90d4b520f3c49c084fc92fd6",
      "url": "https://github.com/FunkinCrew/funkVis"
    },
    {
      "name": "grig.audio",
      "type": "git",
      "dir": "src",
      "ref": "57f5d47f2533fd0c3dcd025a86cb86c0dfa0b6d2",
      "url": "https://gitlab.com/haxe-grig/grig.audio.git"
    },
    {
      "name": "hamcrest",
      "type": "haxelib",
      "version": "3.0.0"
    },
    {
      "name": "haxeui-core",
      "type": "git",
      "dir": null,
      "ref": "07fc7aa8098deaea633b0726d01f83eb4ef8a832",
      "url": "https://github.com/haxeui/haxeui-core"
    },
    {
      "name": "haxeui-flixel",
      "type": "git",
      "dir": null,
      "ref": "b899a4c7d7318c5ff2b1bb645fbc73728fad1ac9",
      "url": "https://github.com/haxeui/haxeui-flixel"
    },
    {
      "name": "hscript",
      "type": "git",
      "dir": null,
      "ref": "27c86f9a761c1d16d4433c4cf252eccb7b2e18de",
      "url": "https://github.com/FunkinCrew/hscript"
    },
    {
      "name": "hxcpp",
      "type": "git",
      "dir": null,
      "ref": "v4.3.75",
      "url": "https://github.com/HaxeFoundation/hxcpp"
    },
    {
      "name": "hxcpp-debug-server",
      "type": "git",
      "dir": "hxcpp-debug-server",
      "ref": "147294123f983e35f50a966741474438069a7a8f",
      "url": "https://github.com/FunkinCrew/hxcpp-debugger"
    },
    {
      "name": "hxdiscord_rpc",
      "type": "git",
      "dir": null,
      "ref": "82c47ecc1a454b7dd644e4fcac7e91155f176dec",
      "url": "https://github.com/FunkinCrew/hxdiscord_rpc"
    },
    {
      "name": "hxjsonast",
      "type": "git",
      "dir": null,
      "ref": "20e72cc68c823496359775ac1f06500e67f189d5",
      "url": "https://github.com/nadako/hxjsonast/"
    },
    {
      "name": "hxp",
      "type": "haxelib",
      "version": "1.3.0"
    },
    {
      "name": "hxvlc",
      "type": "haxelib",
      "version": "2.1.2"
    },
    {
      "name": "json2object",
      "type": "git",
      "dir": null,
      "ref": "a8c26f18463c98da32f744c214fe02273e1823fa",
      "url": "https://github.com/FunkinCrew/json2object"
    },
    {
      "name": "jsonpatch",
      "type": "git",
      "dir": null,
      "ref": "f9b83215acd586dc28754b4ae7f69d4c06c3b4d3",
      "url": "https://github.com/EliteMasterEric/jsonpatch"
    },
    {
      "name": "jsonpath",
      "type": "git",
      "dir": null,
      "ref": "7a24193717b36393458c15c0435bb7c4470ecdda",
      "url": "https://github.com/EliteMasterEric/jsonpath"
    },
    {
      "name": "lime",
      "type": "git",
      "dir": null,
      "ref": "be81ad7e4e1a92c3482bcc009648a4ac892cfa35",
      "url": "https://github.com/FunkinCrew/lime"
    },
    {
      "name": "mconsole",
      "type": "git",
      "dir": null,
      "ref": "06c0499ed8f80628a0e6e55ffa32c3cbd688a838",
      "url": "https://github.com/massive-oss/mconsole"
    },
    {
      "name": "mcover",
      "type": "git",
      "dir": "src",
      "ref": "c3c47cd682b0b202a41caee95321989391b617ef",
      "url": "https://github.com/massive-oss/mcover"
    },
    {
      "name": "mockatoo",
      "type": "git",
      "dir": "src",
      "ref": "13d77a0a8eaf5e789ef5dae6cd33eee812deda36",
      "url": "https://github.com/FunkinCrew/mockatoo"
    },
    {
      "name": "munit",
      "type": "git",
      "dir": "src",
      "ref": "f61be7f7ba796595f45023ca65164a485aba0e7e",
      "url": "https://github.com/FunkinCrew/MassiveUnit"
    },
    {
      "name": "newgrounds",
      "type": "git",
      "dir": null,
      "ref": "c8b30832027fa04f48fe6a45fa7903d5b265d56e",
      "url": "https://github.com/Geokureli/Newgrounds/"
    },
    {
      "name": "openfl",
      "type": "git",
      "dir": null,
      "ref": "d061c936b462f040304ec2bd42d9f59d2e59e285",
      "url": "https://github.com/FunkinCrew/openfl"
    },
    {
      "name": "polymod",
      "type": "git",
      "dir": null,
      "ref": "0fbdf27fe124549730accd540cec8a183f8652c0",
      "url": "https://github.com/larsiusprime/polymod"
    },
    {
      "name": "thx.core",
      "type": "git",
      "dir": null,
      "ref": "76d87418fadd92eb8e1b61f004cff27d656e53dd",
      "url": "https://github.com/fponticelli/thx.core"
    },
    {
      "name": "thx.semver",
      "type": "git",
      "dir": null,
      "ref": "bdb191fe7cf745c02a980749906dbf22719e200b",
      "url": "https://github.com/fponticelli/thx.semver"
    }
  ]
}
